eco,name,moves
A00,Polish Opening,1. b4
A00,Grob Opening,1. g4
A00,Anderssen Opening,1. a3
A00,Ware Opening,1. a4
A00,Van't Kruijs Opening,1. e3
A01,Nimzowitsch-Larsen Attack,1. b3
A02,Bird Opening,1. f4
A03,Bird Opening: Dutch Variation,1. f4 d5
A04,Reti Opening,1. Nf3
A04,Reti Opening: Kingside Fianchetto,1. Nf3 g6
A05,Reti Opening: King's Indian Attack,1. Nf3 Nf6 2. g3
A06,Reti Opening: Santasiere Variation,1. Nf3 d5 2. b3
A07,King's Indian Attack,1. Nf3 d5 2. g3
A08,King's Indian Attack: French Variation,1. Nf3 d5 2. g3 c5 3. Bg2
A09,Reti Opening: Advance Variation,1. Nf3 d5 2. c4
A10,English Opening,1. c4
A11,English Opening: Caro-Kann Defensive System,1. c4 c6
A12,English Opening: Caro-Kann Defensive System,1. c4 c6 2. Nf3 d5 3. b3
A13,English Opening,1. c4 e6
A14,English Opening: Neo-Catalan,1. c4 e6 2. Nf3 d5 3. g3 Nf6 4. Bg2 Be7
A15,English Opening: Anglo-Indian Defense,1. c4 Nf6
A16,English Opening: Anglo-Indian Defense,1. c4 Nf6 2. Nc3
A17,English Opening: Anglo-Indian Defense,1. c4 Nf6 2. Nc3 e6
A18,English Opening: Mikenas-Carls Variation,1. c4 Nf6 2. Nc3 e6 3. e4
A19,English Opening: Mikenas-Carls Variation,1. c4 Nf6 2. Nc3 e6 3. e4 c5
A20,English Opening: King's English Variation,1. c4 e5
A21,English Opening: King's English Variation Reversed Sicilian,1. c4 e5 2. Nc3
A22,English Opening: King's English Variation Two Knights Variation,1. c4 e5 2. Nc3 Nf6
A23,English Opening: King's English Variation Three Knights System,1. c4 e5 2. Nc3 Nf6 3. g3 c6
A24,English Opening: King's English Variation Bremen System,1. c4 e5 2. Nc3 Nf6 3. g3 g6
A25,English Opening: King's English Variation Reversed Closed Sicilian,1. c4 e5 2. Nc3 Nc6
A26,English Opening: King's English Variation Closed System,1. c4 e5 2. Nc3 Nc6 3. g3 g6 4. Bg2 Bg7 5. d3
A27,English Opening: King's English Variation Three Knights System,1. c4 e5 2. Nc3 Nc6 3. Nf3
A28,English Opening: King's English Variation Four Knights Variation,1. c4 e5 2. Nc3 Nc6 3. Nf3 Nf6
A29,English Opening: King's English Variation Four Knights Fianchetto,1. c4 e5 2. Nc3 Nc6 3. Nf3 Nf6 4. g3
A30,English Opening: Symmetrical Variation,1. c4 c5
A31,English Opening: Symmetrical Variation,1. c4 c5 2. Nf3 Nf6 3. d4
A32,English Opening: Symmetrical Variation,1. c4 c5 2. Nf3 Nf6 3. d4 cxd4 4. Nxd4 e6
A33,English Opening: Symmetrical Variation,1. c4 c5 2. Nf3 Nf6 3. d4 cxd4 4. Nxd4 e6 5. Nc3 Nc6
A34,English Opening: Symmetrical Variation Three Knights System,1. c4 c5 2. Nc3 Nf6 3. g3
A35,English Opening: Symmetrical Variation,1. c4 c5 2. Nc3 Nc6
A36,English Opening: Symmetrical Variation Ultra-Symmetrical Variation,1. c4 c5 2. Nc3 Nc6 3. g3 g6 4. Bg2 Bg7
A37,English Opening: Symmetrical Variation,1. c4 c5 2. Nc3 Nc6 3. g3 g6 4. Bg2 Bg7 5. Nf3
A38,English Opening: Symmetrical Variation,1. c4 c5 2. Nc3 Nc6 3. g3 g6 4. Bg2 Bg7 5. Nf3 Nf6
A39,English Opening: Symmetrical Variation,1. c4 c5 2. Nc3 Nc6 3. g3 g6 4. Bg2 Bg7 5. Nf3 Nf6 6. O-O O-O 7. d4
A40,Queen's Pawn,1. d4
A40,Horwitz Defense,1. d4 e6
A41,Queen's Pawn: Wade Defense,1. d4 d6
A41,Modern Defense,1. d4 d6 2. c4 g6 3. Nc3 Bg7
A42,Modern Defense: Averbakh System,1. d4 d6 2. c4 g6 3. Nc3 Bg7 4. e4
A43,Old Benoni Defense,1. d4 c5
A43,Benoni Defense: Old Benoni,1. d4 c5 2. d5 d6
A44,Old Benoni Defense,1. d4 c5 2. d5 e5
A45,Queen's Pawn Game,1. d4 Nf6
A45,Trompowsky Attack,1. d4 Nf6 2. Bg5
A46,Queen's Pawn Game: Torre Attack,1. d4 Nf6 2. Nf3 e6 3. Bg5
A47,Queen's Indian Defense,1. d4 Nf6 2. Nf3 b6
A48,King's Indian: East Indian Defense,1. d4 Nf6 2. Nf3 g6
A49,King's Indian: Fianchetto Without c4,1. d4 Nf6 2. Nf3 g6 3. g3
A50,Queen's Pawn Game,1. d4 Nf6 2. c4
A51,Budapest Defense,1. d4 Nf6 2. c4 e5
A52,Budapest Defense,1. d4 Nf6 2. c4 e5 3. dxe5 Ng4
A53,Old Indian Defense,1. d4 Nf6 2. c4 d6
A54,Old Indian Defense: Ukrainian Variation,1. d4 Nf6 2. c4 d6 3. Nc3 e5
A55,Old Indian Defense: Normal Variation,1. d4 Nf6 2. c4 d6 3. Nc3 Nbd7 4. e4
A56,Benoni Defense,1. d4 Nf6 2. c4 c5
A57,Benko Gambit,1. d4 Nf6 2. c4 c5 3. d5 b5
A58,Benko Gambit Accepted,1. d4 Nf6 2. c4 c5 3. d5 b5 4. cxb5 a6
A59,Benko Gambit,1. d4 Nf6 2. c4 c5 3. d5 b5 4. cxb5 a6 5. bxa6
A60,Benoni Defense: Modern Variation,1. d4 Nf6 2. c4 c5 3. d5 e6
A61,Benoni Defense,1. d4 Nf6 2. c4 c5 3. d5 e6 4. Nc3 exd5 5. cxd5 d6 6. Nf3 g6
A62,Benoni Defense: Fianchetto Variation,1. d4 Nf6 2. c4 c5 3. d5 e6 4. Nc3 exd5 5. cxd5 d6 6. Nf3 g6 7. g3 Bg7 8. Bg2 O-O
A63,Benoni Defense: Fianchetto Variation,1. d4 Nf6 2. c4 c5 3. d5 e6 4. Nc3 exd5 5. cxd5 d6 6. Nf3 g6 7. g3 Bg7 8. Bg2 O-O 9. O-O Nbd7
A64,Benoni Defense: Fianchetto Variation,1. d4 Nf6 2. c4 c5 3. d5 e6 4. Nc3 exd5 5. cxd5 d6 6. Nf3 g6 7. g3 Bg7 8. Bg2 O-O 9. O-O Nbd7 10. Nd2 a6 11. a4 Re8
A65,Benoni Defense: King's Pawn Line,1. d4 Nf6 2. c4 c5 3. d5 e6 4. Nc3 exd5 5. cxd5 d6 6. e4
A66,Benoni Defense: Pawn Storm Variation,1. d4 Nf6 2. c4 c5 3. d5 e6 4. Nc3 exd5 5. cxd5 d6 6. e4 g6 7. f4
A67,Benoni Defense: Taimanov Variation,1. d4 Nf6 2. c4 c5 3. d5 e6 4. Nc3 exd5 5. cxd5 d6 6. e4 g6 7. f4 Bg7 8. Bb5+
A68,Benoni Defense: Four Pawns Attack,1. d4 Nf6 2. c4 c5 3. d5 e6 4. Nc3 exd5 5. cxd5 d6 6. e4 g6 7. f4 Bg7 8. Nf3 O-O
A69,Benoni Defense: Four Pawns Attack,1. d4 Nf6 2. c4 c5 3. d5 e6 4. Nc3 exd5 5. cxd5 d6 6. e4 g6 7. f4 Bg7 8. Nf3 O-O 9. Be2 Re8
A70,Benoni Defense: Classical Variation,1. d4 Nf6 2. c4 c5 3. d5 e6 4. Nc3 exd5 5. cxd5 d6 6. e4 g6 7. Nf3
A71,Benoni Defense: Classical Variation,1. d4 Nf6 2. c4 c5 3. d5 e6 4. Nc3 exd5 5. cxd5 d6 6. e4 g6 7. Nf3 Bg7 8. Bg5
A72,Benoni Defense: Classical Variation,1. d4 Nf6 2. c4 c5 3. d5 e6 4. Nc3 exd5 5. cxd5 d6 6. e4 g6 7. Nf3 Bg7 8. Be2 O-O
A73,Benoni Defense: Classical Variation,1. d4 Nf6 2. c4 c5 3. d5 e6 4. Nc3 exd5 5. cxd5 d6 6. e4 g6 7. Nf3 Bg7 8. Be2 O-O 9. O-O
A74,Benoni Defense: Classical Variation,1. d4 Nf6 2. c4 c5 3. d5 e6 4. Nc3 exd5 5. cxd5 d6 6. e4 g6 7. Nf3 Bg7 8. Be2 O-O 9. O-O a6
A75,Benoni Defense: Classical Variation,1. d4 Nf6 2. c4 c5 3. d5 e6 4. Nc3 exd5 5. cxd5 d6 6. e4 g6 7. Nf3 Bg7 8. Be2 O-O 9. O-O a6 10. a4 Bg4
A76,Benoni Defense: Classical Variation,1. d4 Nf6 2. c4 c5 3. d5 e6 4. Nc3 exd5 5. cxd5 d6 6. e4 g6 7. Nf3 Bg7 8. Be2 O-O 9. O-O Re8
A77,Benoni Defense: Classical Variation,1. d4 Nf6 2. c4 c5 3. d5 e6 4. Nc3 exd5 5. cxd5 d6 6. e4 g6 7. Nf3 Bg7 8. Be2 O-O 9. O-O Re8 10. Nd2 Na6
A78,Benoni Defense: Classical Variation,1. d4 Nf6 2. c4 c5 3. d5 e6 4. Nc3 exd5 5. cxd5 d6 6. e4 g6 7. Nf3 Bg7 8. Be2 O-O 9. O-O Re8 10. Nd2 Na6 11. f3
A79,Benoni Defense: Classical Variation,1. d4 Nf6 2. c4 c5 3. d5 e6 4. Nc3 exd5 5. cxd5 d6 6. e4 g6 7. Nf3 Bg7 8. Be2 O-O 9. O-O Re8 10. Nd2 Na6 11. f3 Nc7
A80,Dutch Defense,1. d4 f5
A81,Dutch Defense,1. d4 f5 2. g3
A82,Dutch Defense: Staunton Gambit,1. d4 f5 2. e4
A83,Dutch Defense: Staunton Gambit,1. d4 f5 2. e4 fxe4 3. Nc3 Nf6 4. Bg5
A84,Dutch Defense: Classical Variation,1. d4 f5 2. c4 e6
A85,Dutch Defense: Classical Variation,1. d4 f5 2. c4 e6 3. Nc3 Nf6
A86,Dutch Defense: Classical Variation,1. d4 f5 2. c4 e6 3. g3 Nf6
A87,Dutch Defense: Leningrad Variation,1. d4 f5 2. c4 e6 3. g3 Nf6 4. Bg2 g6
A88,Dutch Defense: Leningrad Variation,1. d4 f5 2. c4 e6 3. g3 Nf6 4. Bg2 g6 5. Nf3 Bg7 6. O-O O-O 7. d5
A89,Dutch Defense: Leningrad Variation,1. d4 f5 2. c4 e6 3. g3 Nf6 4. Bg2 g6 5. Nf3 Bg7 6. O-O O-O 7. d5 e5
A90,Dutch Defense: Classical Variation,1. d4 f5 2. c4 e6 3. g3 Nf6 4. Bg2 d5
A91,Dutch Defense: Classical Variation,1. d4 f5 2. c4 e6 3. g3 Nf6 4. Bg2 Be7
A92,Dutch Defense: Classical Variation,1. d4 f5 2. c4 e6 3. g3 Nf6 4. Bg2 Be7 5. Nf3 O-O
A93,Dutch Defense: Classical Variation,1. d4 f5 2. c4 e6 3. g3 Nf6 4. Bg2 Be7 5. Nf3 O-O 6. O-O d5 7. b3
A94,Dutch Defense: Classical Variation,1. d4 f5 2. c4 e6 3. g3 Nf6 4. Bg2 Be7 5. Nf3 O-O 6. O-O d5 7. b3 c6 8. Ba3
A95,Dutch Defense: Classical Variation,1. d4 f5 2. c4 e6 3. g3 Nf6 4. Bg2 Be7 5. Nf3 O-O 6. O-O d5 7. Nc3 c6
A96,Dutch Defense: Classical Variation,1. d4 f5 2. c4 e6 3. g3 Nf6 4. Bg2 Be7 5. Nf3 O-O 6. O-O d6
A97,Dutch Defense: Ilyin-Zhenevsky Variation,1. d4 f5 2. c4 e6 3. g3 Nf6 4. Bg2 Be7 5. Nf3 O-O 6. O-O d6 7. Nc3 Qe8
A98,Dutch Defense: Ilyin-Zhenevsky Variation,1. d4 f5 2. c4 e6 3. g3 Nf6 4. Bg2 Be7 5. Nf3 O-O 6. O-O d6 7. Nc3 Qe8 8. Qc2
A99,Dutch Defense: Ilyin-Zhenevsky Variation,1. d4 f5 2. c4 e6 3. g3 Nf6 4. Bg2 Be7 5. Nf3 O-O 6. O-O d6 7. Nc3 Qe8 8. b3
B00,King's Pawn,1. e4
B00,Nimzowitsch Defense,1. e4 Nc6
B00,Owen Defense,1. e4 b6
B00,St. George Defense,1. e4 a6
B01,Scandinavian Defense,1. e4 d5
B02,Alekhine Defense,1. e4 Nf6
B03,Alekhine Defense: Four Pawns Attack,1. e4 Nf6 2. e5 Nd5 3. d4 d6 4. c4 Nb6 5. f4
B04,Alekhine Defense: Modern Variation,1. e4 Nf6 2. e5 Nd5 3. d4 d6 4. Nf3
B05,Alekhine Defense: Modern Variation,1. e4 Nf6 2. e5 Nd5 3. d4 d6 4. Nf3 Bg4
B06,Modern Defense,1. e4 g6
B07,Pirc Defense,1. e4 d6 2. d4 Nf6
B08,Pirc Defense: Classical Variation,1. e4 d6 2. d4 Nf6 3. Nc3 g6 4. Nf3
B09,Pirc Defense: Austrian Attack,1. e4 d6 2. d4 Nf6 3. Nc3 g6 4. f4
B10,Caro-Kann Defense,1. e4 c6
B11,Caro-Kann Defense: Two Knights Attack,1. e4 c6 2. Nc3 d5 3. Nf3
B12,Caro-Kann Defense: Advance Variation,1. e4 c6 2. d4 d5 3. e5
B13,Caro-Kann Defense: Exchange Variation,1. e4 c6 2. d4 d5 3. exd5 cxd5
B14,Caro-Kann Defense: Panov Attack,1. e4 c6 2. d4 d5 3. exd5 cxd5 4. c4
B15,Caro-Kann Defense,1. e4 c6 2. d4 d5 3. Nc3
B16,Caro-Kann Defense: Bronstein-Larsen Variation,1. e4 c6 2. d4 d5 3. Nc3 dxe4 4. Nxe4 Nf6 5. Nxf6+ gxf6
B17,Caro-Kann Defense: Classical Variation,1. e4 c6 2. d4 d5 3. Nc3 dxe4 4. Nxe4 Nd7
B18,Caro-Kann Defense: Classical Variation,1. e4 c6 2. d4 d5 3. Nc3 dxe4 4. Nxe4 Bf5
B19,Caro-Kann Defense: Classical Variation,1. e4 c6 2. d4 d5 3. Nc3 dxe4 4. Nxe4 Bf5 5. Ng3 Bg6 6. h4 h6 7. Nf3 Nd7
B20,Sicilian Defense,1. e4 c5
B21,Sicilian Defense: Smith-Morra Gambit,1. e4 c5 2. d4 cxd4 3. c3
B22,Sicilian Defense: Alapin Variation,1. e4 c5 2. c3
B23,Sicilian Defense: Closed Variation,1. e4 c5 2. Nc3
B24,Sicilian Defense: Closed Variation,1. e4 c5 2. Nc3 Nc6 3. g3
B25,Sicilian Defense: Closed Variation,1. e4 c5 2. Nc3 Nc6 3. g3 g6 4. Bg2 Bg7 5. d3 d6
B26,Sicilian Defense: Closed Variation,1. e4 c5 2. Nc3 Nc6 3. g3 g6 4. Bg2 Bg7 5. d3 d6 6. Be3
B27,Sicilian Defense,1. e4 c5 2. Nf3
B28,Sicilian Defense: O'Kelly Variation,1. e4 c5 2. Nf3 a6
B29,Sicilian Defense: Nimzowitsch Variation,1. e4 c5 2. Nf3 Nf6
B30,Sicilian Defense: Old Sicilian,1. e4 c5 2. Nf3 Nc6
B31,Sicilian Defense: Nyezhmetdinov-Rossolimo Attack,1. e4 c5 2. Nf3 Nc6 3. Bb5
B32,Sicilian Defense: Open,1. e4 c5 2. Nf3 Nc6 3. d4 cxd4 4. Nxd4
B33,Sicilian Defense: Open,1. e4 c5 2. Nf3 Nc6 3. d4 cxd4 4. Nxd4 Nf6
B34,Sicilian Defense: Accelerated Dragon,1. e4 c5 2. Nf3 Nc6 3. d4 cxd4 4. Nxd4 g6
B35,Sicilian Defense: Accelerated Dragon,1. e4 c5 2. Nf3 Nc6 3. d4 cxd4 4. Nxd4 g6 5. Nc3 Bg7 6. Be3
B36,Sicilian Defense: Accelerated Dragon Maroczy Bind,1. e4 c5 2. Nf3 Nc6 3. d4 cxd4 4. Nxd4 g6 5. c4
B37,Sicilian Defense: Accelerated Dragon Maroczy Bind,1. e4 c5 2. Nf3 Nc6 3. d4 cxd4 4. Nxd4 g6 5. c4 Bg7
B38,Sicilian Defense: Accelerated Dragon Maroczy Bind,1. e4 c5 2. Nf3 Nc6 3. d4 cxd4 4. Nxd4 g6 5. c4 Bg7 6. Be3
B39,Sicilian Defense: Accelerated Dragon Maroczy Bind,1. e4 c5 2. Nf3 Nc6 3. d4 cxd4 4. Nxd4 g6 5. c4 Bg7 6. Be3 Nf6 7. Nc3 Ng4
B40,Sicilian Defense,1. e4 c5 2. Nf3 e6
B41,Sicilian Defense: Kan Variation,1. e4 c5 2. Nf3 e6 3. d4 cxd4 4. Nxd4 a6
B42,Sicilian Defense: Kan Variation,1. e4 c5 2. Nf3 e6 3. d4 cxd4 4. Nxd4 a6 5. Bd3
B43,Sicilian Defense: Kan Variation,1. e4 c5 2. Nf3 e6 3. d4 cxd4 4. Nxd4 a6 5. Nc3
B44,Sicilian Defense: Taimanov Variation,1. e4 c5 2. Nf3 e6 3. d4 cxd4 4. Nxd4 Nc6
B45,Sicilian Defense: Taimanov Variation,1. e4 c5 2. Nf3 e6 3. d4 cxd4 4. Nxd4 Nc6 5. Nc3
B46,Sicilian Defense: Taimanov Variation,1. e4 c5 2. Nf3 e6 3. d4 cxd4 4. Nxd4 Nc6 5. Nc3 a6
B47,Sicilian Defense: Taimanov Variation,1. e4 c5 2. Nf3 e6 3. d4 cxd4 4. Nxd4 Nc6 5. Nc3 Qc7
B48,Sicilian Defense: Taimanov Variation,1. e4 c5 2. Nf3 e6 3. d4 cxd4 4. Nxd4 Nc6 5. Nc3 Qc7 6. Be3
B49,Sicilian Defense: Taimanov Variation,1. e4 c5 2. Nf3 e6 3. d4 cxd4 4. Nxd4 Nc6 5. Nc3 Qc7 6. Be3 a6 7. Be2
B50,Sicilian Defense,1. e4 c5 2. Nf3 d6
B51,Sicilian Defense: Moscow Variation,1. e4 c5 2. Nf3 d6 3. Bb5+
B52,Sicilian Defense: Moscow Variation,1. e4 c5 2. Nf3 d6 3. Bb5+ Bd7
B53,Sicilian Defense,1. e4 c5 2. Nf3 d6 3. d4 cxd4 4. Qxd4
B54,Sicilian Defense,1. e4 c5 2. Nf3 d6 3. d4 cxd4 4. Nxd4
B55,Sicilian Defense,1. e4 c5 2. Nf3 d6 3. d4 cxd4 4. Nxd4 Nf6 5. f3 e5 6. Bb5+
B56,Sicilian Defense,1. e4 c5 2. Nf3 d6 3. d4 cxd4 4. Nxd4 Nf6 5. Nc3
B57,Sicilian Defense: Classical Variation,1. e4 c5 2. Nf3 d6 3. d4 cxd4 4. Nxd4 Nf6 5. Nc3 Nc6
B58,Sicilian Defense: Classical Variation,1. e4 c5 2. Nf3 d6 3. d4 cxd4 4. Nxd4 Nf6 5. Nc3 Nc6 6. Be2 e5 7. Nb3
B59,Sicilian Defense: Boleslavsky Variation,1. e4 c5 2. Nf3 Nc6 3. d4 cxd4 4. Nxd4 Nf6 5. Nc3 d6 6. Be2 e5 7. Nb3 Be7 8. O-O O-O
B60,Sicilian Defense: Richter-Rauzer Variation,1. e4 c5 2. Nf3 d6 3. d4 cxd4 4. Nxd4 Nf6 5. Nc3 Nc6 6. Bg5
B61,Sicilian Defense: Richter-Rauzer Variation,1. e4 c5 2. Nf3 Nc6 3. d4 cxd4 4. Nxd4 Nf6 5. Nc3 d6 6. Bg5 Bd7
B62,Sicilian Defense: Richter-Rauzer Variation,1. e4 c5 2. Nf3 d6 3. d4 cxd4 4. Nxd4 Nf6 5. Nc3 Nc6 6. Bg5 e6
B63,Sicilian Defense: Richter-Rauzer Variation,1. e4 c5 2. Nf3 Nc6 3. d4 cxd4 4. Nxd4 Nf6 5. Nc3 d6 6. Bg5 e6 7. Qd2
B64,Sicilian Defense: Richter-Rauzer Variation,1. e4 c5 2. Nf3 d6 3. d4 cxd4 4. Nxd4 Nf6 5. Nc3 Nc6 6. Bg5 e6 7. Qd2 Be7 8. O-O-O O-O 9. f4
B65,Sicilian Defense: Richter-Rauzer Variation,1. e4 c5 2. Nf3 d6 3. d4 cxd4 4. Nxd4 Nf6 5. Nc3 Nc6 6. Bg5 e6 7. Qd2 Be7 8. O-O-O O-O 9. f4 Nxd4 10. Qxd4
B66,Sicilian Defense: Richter-Rauzer Variation,1. e4 c5 2. Nf3 Nc6 3. d4 cxd4 4. Nxd4 Nf6 5. Nc3 d6 6. Bg5 e6 7. Qd2 a6
B67,Sicilian Defense: Richter-Rauzer Variation,1. e4 c5 2. Nf3 Nc6 3. d4 cxd4 4. Nxd4 Nf6 5. Nc3 d6 6. Bg5 e6 7. Qd2 a6 8. O-O-O Bd7
B68,Sicilian Defense: Richter-Rauzer Variation,1. e4 c5 2. Nf3 Nc6 3. d4 cxd4 4. Nxd4 Nf6 5. Nc3 d6 6. Bg5 e6 7. Qd2 a6 8. O-O-O Bd7 9. f4 Be7
B69,Sicilian Defense: Richter-Rauzer Variation,1. e4 c5 2. Nf3 Nc6 3. d4 cxd4 4. Nxd4 Nf6 5. Nc3 d6 6. Bg5 e6 7. Qd2 a6 8. O-O-O Bd7 9. f4 Be7 10. Nf3 b5 11. Bxf6
B70,Sicilian Defense: Dragon Variation,1. e4 c5 2. Nf3 d6 3. d4 cxd4 4. Nxd4 Nf6 5. Nc3 g6
B71,Sicilian Defense: Dragon Variation,1. e4 c5 2. Nf3 d6 3. d4 cxd4 4. Nxd4 Nf6 5. Nc3 g6 6. f4
B72,Sicilian Defense: Dragon Variation,1. e4 c5 2. Nf3 d6 3. d4 cxd4 4. Nxd4 Nf6 5. Nc3 g6 6. Be3
B73,Sicilian Defense: Dragon Variation Classical Variation,1. e4 c5 2. Nf3 d6 3. d4 cxd4 4. Nxd4 Nf6 5. Nc3 g6 6. Be2
B74,Sicilian Defense: Dragon Variation Classical Variation,1. e4 c5 2. Nf3 d6 3. d4 cxd4 4. Nxd4 Nf6 5. Nc3 g6 6. Be2 Bg7 7. O-O O-O 8. Be3
B75,Sicilian Defense: Dragon Variation Yugoslav Attack,1. e4 c5 2. Nf3 d6 3. d4 cxd4 4. Nxd4 Nf6 5. Nc3 g6 6. Be3 Bg7 7. f3
B76,Sicilian Defense: Dragon Variation Yugoslav Attack,1. e4 c5 2. Nf3 d6 3. d4 cxd4 4. Nxd4 Nf6 5. Nc3 g6 6. Be3 Bg7 7. f3 O-O
B77,Sicilian Defense: Dragon Variation Yugoslav Attack,1. e4 c5 2. Nf3 d6 3. d4 cxd4 4. Nxd4 Nf6 5. Nc3 g6 6. Be3 Bg7 7. f3 O-O 8. Qd2 Nc6
B78,Sicilian Defense: Dragon Variation Yugoslav Attack,1. e4 c5 2. Nf3 d6 3. d4 cxd4 4. Nxd4 Nf6 5. Nc3 g6 6. Be3 Bg7 7. f3 O-O 8. Qd2 Nc6 9. Bc4
B79,Sicilian Defense: Dragon Variation Yugoslav Attack,1. e4 c5 2. Nf3 d6 3. d4 cxd4 4. Nxd4 Nf6 5. Nc3 g6 6. Be3 Bg7 7. f3 O-O 8. Qd2 Nc6 9. Bc4 Bd7 10. O-O-O
B80,Sicilian Defense: Scheveningen Variation,1. e4 c5 2. Nf3 d6 3. d4 cxd4 4. Nxd4 Nf6 5. Nc3 e6
B81,Sicilian Defense: Scheveningen Variation,1. e4 c5 2. Nf3 d6 3. d4 cxd4 4. Nxd4 Nf6 5. Nc3 e6 6. g4
B82,Sicilian Defense: Scheveningen Variation,1. e4 c5 2. Nf3 d6 3. d4 cxd4 4. Nxd4 Nf6 5. Nc3 e6 6. f4
B83,Sicilian Defense: Scheveningen Variation,1. e4 c5 2. Nf3 d6 3. d4 cxd4 4. Nxd4 Nf6 5. Nc3 e6 6. Be2
B84,Sicilian Defense: Scheveningen Variation,1. e4 c5 2. Nf3 d6 3. d4 cxd4 4. Nxd4 Nf6 5. Nc3 e6 6. Be2 a6
B85,Sicilian Defense: Scheveningen Variation,1. e4 c5 2. Nf3 d6 3. d4 cxd4 4. Nxd4 Nf6 5. Nc3 e6 6. Be2 a6 7. O-O Qc7
B86,Sicilian Defense: Sozin Attack,1. e4 c5 2. Nf3 d6 3. d4 cxd4 4. Nxd4 Nf6 5. Nc3 e6 6. Bc4
B87,Sicilian Defense: Sozin Attack,1. e4 c5 2. Nf3 d6 3. d4 cxd4 4. Nxd4 Nf6 5. Nc3 e6 6. Bc4 a6 7. Bb3 b5
B88,Sicilian Defense: Sozin Attack,1. e4 c5 2. Nf3 d6 3. d4 cxd4 4. Nxd4 Nf6 5. Nc3 Nc6 6. Bc4 e6
B89,Sicilian Defense: Sozin Attack,1. e4 c5 2. Nf3 d6 3. d4 cxd4 4. Nxd4 Nf6 5. Nc3 Nc6 6. Bc4 e6 7. Be3
B90,Sicilian Defense: Najdorf Variation,1. e4 c5 2. Nf3 d6 3. d4 cxd4 4. Nxd4 Nf6 5. Nc3 a6
B91,Sicilian Defense: Najdorf Variation,1. e4 c5 2. Nf3 d6 3. d4 cxd4 4. Nxd4 Nf6 5. Nc3 a6 6. g3
B92,Sicilian Defense: Najdorf Variation,1. e4 c5 2. Nf3 d6 3. d4 cxd4 4. Nxd4 Nf6 5. Nc3 a6 6. Be2
B93,Sicilian Defense: Najdorf Variation,1. e4 c5 2. Nf3 d6 3. d4 cxd4 4. Nxd4 Nf6 5. Nc3 a6 6. f4
B94,Sicilian Defense: Najdorf Variation,1. e4 c5 2. Nf3 d6 3. d4 cxd4 4. Nxd4 Nf6 5. Nc3 a6 6. Bg5
B95,Sicilian Defense: Najdorf Variation,1. e4 c5 2. Nf3 d6 3. d4 cxd4 4. Nxd4 Nf6 5. Nc3 a6 6. Bg5 e6
B96,Sicilian Defense: Najdorf Variation,1. e4 c5 2. Nf3 d6 3. d4 cxd4 4. Nxd4 Nf6 5. Nc3 a6 6. Bg5 e6 7. f4
B97,Sicilian Defense: Najdorf Variation,1. e4 c5 2. Nf3 d6 3. d4 cxd4 4. Nxd4 Nf6 5. Nc3 a6 6. Bg5 e6 7. f4 Qb6
B98,Sicilian Defense: Najdorf Variation,1. e4 c5 2. Nf3 d6 3. d4 cxd4 4. Nxd4 Nf6 5. Nc3 a6 6. Bg5 e6 7. f4 Be7
B99,Sicilian Defense: Najdorf Variation,1. e4 c5 2. Nf3 d6 3. d4 cxd4 4. Nxd4 Nf6 5. Nc3 a6 6. Bg5 e6 7. f4 Be7 8. Qf3 Qc7 9. O-O-O Nbd7
C00,French Defense,1. e4 e6
C01,French Defense: Exchange Variation,1. e4 e6 2. d4 d5 3. exd5 exd5
C02,French Defense: Advance Variation,1. e4 e6 2. d4 d5 3. e5
C03,French Defense: Tarrasch Variation,1. e4 e6 2. d4 d5 3. Nd2
C04,French Defense: Tarrasch Variation,1. e4 e6 2. d4 d5 3. Nd2 Nf6
C05,French Defense: Tarrasch Variation,1. e4 e6 2. d4 d5 3. Nd2 Nf6 4. e5 Nfd7
C06,French Defense: Tarrasch Variation,1. e4 e6 2. d4 d5 3. Nd2 Nf6 4. e5 Nfd7 5. Bd3 c5 6. c3 Nc6 7. Ne2 cxd4 8. cxd4
C07,French Defense: Tarrasch Variation,1. e4 e6 2. d4 d5 3. Nd2 c5
C08,French Defense: Tarrasch Variation,1. e4 e6 2. d4 d5 3. Nd2 c5 4. exd5 exd5
C09,French Defense: Tarrasch Variation,1. e4 e6 2. d4 d5 3. Nd2 c5 4. exd5 exd5 5. Ngf3 Nc6
C10,French Defense: Rubinstein Variation,1. e4 e6 2. d4 d5 3. Nc3 dxe4
C11,French Defense: Classical Variation,1. e4 e6 2. d4 d5 3. Nc3 Nf6
C12,French Defense: MacCutcheon Variation,1. e4 e6 2. d4 d5 3. Nc3 Nf6 4. Bg5 Bb4
C13,French Defense: Classical Variation,1. e4 e6 2. d4 d5 3. Nc3 Nf6 4. Bg5 Be7
C14,French Defense: Classical Variation,1. e4 e6 2. d4 d5 3. Nc3 Nf6 4. Bg5 Be7 5. e5 Nfd7 6. Bxe7 Qxe7
C15,French Defense: Winawer Variation,1. e4 e6 2. d4 d5 3. Nc3 Bb4
C16,French Defense: Winawer Variation,1. e4 e6 2. d4 d5 3. Nc3 Bb4 4. e5
C17,French Defense: Winawer Variation,1. e4 e6 2. d4 d5 3. Nc3 Bb4 4. e5 c5
C18,French Defense: Winawer Variation,1. e4 e6 2. d4 d5 3. Nc3 Bb4 4. e5 c5 5. a3 Bxc3+ 6. bxc3
C19,French Defense: Winawer Variation,1. e4 e6 2. d4 d5 3. Nc3 Bb4 4. e5 c5 5. a3 Bxc3+ 6. bxc3 Ne7
C20,King's Pawn Game,1. e4 e5
C21,Danish Gambit,1. e4 e5 2. d4 exd4 3. c3
C22,Center Game,1. e4 e5 2. d4 exd4 3. Qxd4
C23,Bishop's Opening,1. e4 e5 2. Bc4
C24,Bishop's Opening: Berlin Defense,1. e4 e5 2. Bc4 Nf6
C25,Vienna Game,1. e4 e5 2. Nc3
C26,Vienna Game,1. e4 e5 2. Nc3 Nf6
C27,Vienna Game: Frankenstein-Dracula Variation,1. e4 e5 2. Nc3 Nf6 3. Bc4 Nxe4
C28,Vienna Game,1. e4 e5 2. Nc3 Nf6 3. Bc4 Nc6
C29,Vienna Game,1. e4 e5 2. Nc3 Nf6 3. f4
C30,King's Gambit,1. e4 e5 2. f4
C31,King's Gambit Declined: Falkbeer Countergambit,1. e4 e5 2. f4 d5
C32,King's Gambit Declined: Falkbeer Countergambit,1. e4 e5 2. f4 d5 3. exd5 e4 4. d3 Nf6
C33,King's Gambit Accepted,1. e4 e5 2. f4 exf4
C34,King's Gambit Accepted: Fischer Defense,1. e4 e5 2. f4 exf4 3. Nf3 d6
C35,King's Gambit Accepted: Cunningham Defense,1. e4 e5 2. f4 exf4 3. Nf3 Be7
C36,King's Gambit Accepted: Abbazia Defense,1. e4 e5 2. f4 exf4 3. Nf3 d5 4. exd5 Nf6
C37,King's Gambit Accepted: Quaade Gambit,1. e4 e5 2. f4 exf4 3. Nf3 g5 4. Nc3
C38,King's Gambit Accepted: Traditional Variation,1. e4 e5 2. f4 exf4 3. Nf3 g5 4. Bc4 Bg7
C39,King's Gambit Accepted: Kieseritzky Gambit,1. e4 e5 2. f4 exf4 3. Nf3 g5 4. h4 g4 5. Ne5
C40,King's Pawn Game,1. e4 e5 2. Nf3
C41,Philidor Defense,1. e4 e5 2. Nf3 d6
C42,Petrov's Defense,1. e4 e5 2. Nf3 Nf6
C43,Petrov's Defense: Modern Attack,1. e4 e5 2. Nf3 Nf6 3. d4
C44,Scotch Game,1. e4 e5 2. Nf3 Nc6 3. d4
C45,Scotch Game,1. e4 e5 2. Nf3 Nc6 3. d4 exd4 4. Nxd4
C46,Three Knights Opening,1. e4 e5 2. Nf3 Nc6 3. Nc3
C47,Four Knights Game,1. e4 e5 2. Nf3 Nc6 3. Nc3 Nf6
C48,Four Knights Game: Spanish Variation,1. e4 e5 2. Nf3 Nc6 3. Nc3 Nf6 4. Bb5
C49,Four Knights Game: Double Ruy Lopez,1. e4 e5 2. Nf3 Nc6 3. Nc3 Nf6 4. Bb5 Bb4
C50,Italian Game,1. e4 e5 2. Nf3 Nc6 3. Bc4
C51,Italian Game: Evans Gambit,1. e4 e5 2. Nf3 Nc6 3. Bc4 Bc5 4. b4
C52,Italian Game: Evans Gambit Accepted,1. e4 e5 2. Nf3 Nc6 3. Bc4 Bc5 4. b4 Bxb4 5. c3 Ba5
C53,Italian Game: Classical Variation,1. e4 e5 2. Nf3 Nc6 3. Bc4 Bc5 4. c3
C54,Italian Game: Giuoco Piano,1. e4 e5 2. Nf3 Nc6 3. Bc4 Bc5 4. c3 Nf6 5. d4 exd4 6. cxd4
C55,Italian Game: Two Knights Defense,1. e4 e5 2. Nf3 Nc6 3. Bc4 Nf6
C56,Italian Game: Two Knights Defense,1. e4 e5 2. Nf3 Nc6 3. Bc4 Nf6 4. d4 exd4 5. O-O Nxe4
C57,Italian Game: Two Knights Defense,1. e4 e5 2. Nf3 Nc6 3. Bc4 Nf6 4. Ng5
C58,Italian Game: Two Knights Defense,1. e4 e5 2. Nf3 Nc6 3. Bc4 Nf6 4. Ng5 d5 5. exd5 Na5
C59,Italian Game: Two Knights Defense,1. e4 e5 2. Nf3 Nc6 3. Bc4 Nf6 4. Ng5 d5 5. exd5 Na5 6. Bb5+ c6 7. dxc6 bxc6 8. Be2
C60,Ruy Lopez,1. e4 e5 2. Nf3 Nc6 3. Bb5
C61,Ruy Lopez: Bird Variation,1. e4 e5 2. Nf3 Nc6 3. Bb5 Nd4
C62,Ruy Lopez: Old Steinitz Defense,1. e4 e5 2. Nf3 Nc6 3. Bb5 d6
C63,Ruy Lopez: Schliemann Defense,1. e4 e5 2. Nf3 Nc6 3. Bb5 f5
C64,Ruy Lopez: Classical Defense,1. e4 e5 2. Nf3 Nc6 3. Bb5 Bc5
C65,Ruy Lopez: Berlin Defense,1. e4 e5 2. Nf3 Nc6 3. Bb5 Nf6
C66,Ruy Lopez: Berlin Defense,1. e4 e5 2. Nf3 Nc6 3. Bb5 Nf6 4. O-O d6
C67,Ruy Lopez: Berlin Defense,1. e4 e5 2. Nf3 Nc6 3. Bb5 Nf6 4. O-O Nxe4
C68,Ruy Lopez: Exchange Variation,1. e4 e5 2. Nf3 Nc6 3. Bb5 a6 4. Bxc6
C69,Ruy Lopez: Exchange Variation,1. e4 e5 2. Nf3 Nc6 3. Bb5 a6 4. Bxc6 dxc6 5. O-O
C70,Ruy Lopez,1. e4 e5 2. Nf3 Nc6 3. Bb5 a6
C71,Ruy Lopez: Modern Steinitz Defense,1. e4 e5 2. Nf3 Nc6 3. Bb5 a6 4. Ba4 d6
C72,Ruy Lopez: Modern Steinitz Defense,1. e4 e5 2. Nf3 Nc6 3. Bb5 a6 4. Ba4 d6 5. O-O
C73,Ruy Lopez: Modern Steinitz Defense,1. e4 e5 2. Nf3 Nc6 3. Bb5 a6 4. Ba4 d6 5. Bxc6+ bxc6 6. d4
C74,Ruy Lopez: Modern Steinitz Defense,1. e4 e5 2. Nf3 Nc6 3. Bb5 a6 4. Ba4 d6 5. c3
C75,Ruy Lopez: Modern Steinitz Defense,1. e4 e5 2. Nf3 Nc6 3. Bb5 a6 4. Ba4 d6 5. c3 Bd7
C76,Ruy Lopez: Modern Steinitz Defense,1. e4 e5 2. Nf3 Nc6 3. Bb5 a6 4. Ba4 d6 5. c3 Bd7 6. d4 Nge7
C77,Ruy Lopez: Morphy Defense,1. e4 e5 2. Nf3 Nc6 3. Bb5 a6 4. Ba4 Nf6
C78,Ruy Lopez: Morphy Defense,1. e4 e5 2. Nf3 Nc6 3. Bb5 a6 4. Ba4 Nf6 5. O-O
C79,Ruy Lopez: Morphy Defense Steinitz Deferred,1. e4 e5 2. Nf3 Nc6 3. Bb5 a6 4. Ba4 Nf6 5. O-O d6
C80,Ruy Lopez: Open Variation,1. e4 e5 2. Nf3 Nc6 3. Bb5 a6 4. Ba4 Nf6 5. O-O Nxe4
C81,Ruy Lopez: Open Variation,1. e4 e5 2. Nf3 Nc6 3. Bb5 a6 4. Ba4 Nf6 5. O-O Nxe4 6. d4 b5 7. Bb3
C82,Ruy Lopez: Open Variation,1. e4 e5 2. Nf3 Nc6 3. Bb5 a6 4. Ba4 Nf6 5. O-O Nxe4 6. d4 b5 7. Bb3 d5 8. dxe5 Be6
C83,Ruy Lopez: Open Variation,1. e4 e5 2. Nf3 Nc6 3. Bb5 a6 4. Ba4 Nf6 5. O-O Nxe4 6. d4 b5 7. Bb3 d5 8. dxe5 Be6 9. c3
C84,Ruy Lopez: Closed Variation,1. e4 e5 2. Nf3 Nc6 3. Bb5 a6 4. Ba4 Nf6 5. O-O Be7
C85,Ruy Lopez: Closed Variation,1. e4 e5 2. Nf3 Nc6 3. Bb5 a6 4. Ba4 Nf6 5. O-O Be7 6. Bxc6
C86,Ruy Lopez: Closed Variation,1. e4 e5 2. Nf3 Nc6 3. Bb5 a6 4. Ba4 Nf6 5. O-O Be7 6. Qe2
C87,Ruy Lopez: Closed Variation,1. e4 e5 2. Nf3 Nc6 3. Bb5 a6 4. Ba4 Nf6 5. O-O Be7 6. Re1 d6
C88,Ruy Lopez: Closed Variation,1. e4 e5 2. Nf3 Nc6 3. Bb5 a6 4. Ba4 Nf6 5. O-O Be7 6. Re1 b5 7. Bb3
C89,Ruy Lopez: Marshall Attack,1. e4 e5 2. Nf3 Nc6 3. Bb5 a6 4. Ba4 Nf6 5. O-O Be7 6. Re1 b5 7. Bb3 O-O 8. c3 d5
C90,Ruy Lopez: Closed Variation,1. e4 e5 2. Nf3 Nc6 3. Bb5 a6 4. Ba4 Nf6 5. O-O Be7 6. Re1 b5 7. Bb3 d6
C91,Ruy Lopez: Closed Variation,1. e4 e5 2. Nf3 Nc6 3. Bb5 a6 4. Ba4 Nf6 5. O-O Be7 6. Re1 b5 7. Bb3 d6 8. c3 O-O 9. d4
C92,Ruy Lopez: Closed Variation,1. e4 e5 2. Nf3 Nc6 3. Bb5 a6 4. Ba4 Nf6 5. O-O Be7 6. Re1 b5 7. Bb3 d6 8. c3 O-O 9. h3
C93,Ruy Lopez: Closed Variation Smyslov Defense,1. e4 e5 2. Nf3 Nc6 3. Bb5 a6 4. Ba4 Nf6 5. O-O Be7 6. Re1 b5 7. Bb3 d6 8. c3 O-O 9. h3 h6
C94,Ruy Lopez: Closed Variation,1. e4 e5 2. Nf3 Nc6 3. Bb5 a6 4. Ba4 Nf6 5. O-O Be7 6. Re1 b5 7. Bb3 d6 8. c3 O-O 9. h3 Nb8
C95,Ruy Lopez: Closed Variation Breyer Defense,1. e4 e5 2. Nf3 Nc6 3. Bb5 a6 4. Ba4 Nf6 5. O-O Be7 6. Re1 b5 7. Bb3 d6 8. c3 O-O 9. h3 Nb8 10. d4 Nbd7
C96,Ruy Lopez: Closed Variation Chigorin Defense,1. e4 e5 2. Nf3 Nc6 3. Bb5 a6 4. Ba4 Nf6 5. O-O Be7 6. Re1 b5 7. Bb3 d6 8. c3 O-O 9. h3 Na5 10. Bc2
C97,Ruy Lopez: Closed Variation Chigorin Defense,1. e4 e5 2. Nf3 Nc6 3. Bb5 a6 4. Ba4 Nf6 5. O-O Be7 6. Re1 b5 7. Bb3 d6 8. c3 O-O 9. h3 Na5 10. Bc2 c5 11. d4 Qc7
C98,Ruy Lopez: Closed Variation Chigorin Defense,1. e4 e5 2. Nf3 Nc6 3. Bb5 a6 4. Ba4 Nf6 5. O-O Be7 6. Re1 b5 7. Bb3 d6 8. c3 O-O 9. h3 Na5 10. Bc2 c5 11. d4 Qc7 12. Nbd2 Nc6 13. dxc5
C99,Ruy Lopez: Closed Variation Chigorin Defense,1. e4 e5 2. Nf3 Nc6 3. Bb5 a6 4. Ba4 Nf6 5. O-O Be7 6. Re1 b5 7. Bb3 d6 8. c3 O-O 9. h3 Na5 10. Bc2 c5 11. d4 Qc7 12. Nbd2 cxd4 13. cxd4
D00,Queen's Pawn Game,1. d4 d5
D01,Richter-Veresov Attack,1. d4 d5 2. Nc3 Nf6 3. Bg5
D02,Queen's Pawn Game,1. d4 d5 2. Nf3 Nf6 3. Bf4
D03,Torre Attack,1. d4 d5 2. Nf3 Nf6 3. Bg5
D04,Queen's Pawn Game: Colle System,1. d4 d5 2. Nf3 Nf6 3. e3
D05,Queen's Pawn Game: Colle System,1. d4 d5 2. Nf3 Nf6 3. e3 e6
D06,Queen's Gambit,1. d4 d5 2. c4
D07,Queen's Gambit Declined: Chigorin Defense,1. d4 d5 2. c4 Nc6
D08,Queen's Gambit Declined: Albin Countergambit,1. d4 d5 2. c4 e5
D09,Queen's Gambit Declined: Albin Countergambit,1. d4 d5 2. c4 e5 3. dxe5 d4
D10,Queen's Gambit Declined: Slav Defense,1. d4 d5 2. c4 c6
D11,Queen's Gambit Declined: Slav Defense,1. d4 d5 2. c4 c6 3. Nf3 Nf6
D12,Queen's Gambit Declined: Slav Defense,1. d4 d5 2. c4 c6 3. Nf3 Nf6 4. e3 Bf5
D13,Queen's Gambit Declined: Slav Defense Exchange Variation,1. d4 d5 2. c4 c6 3. Nf3 Nf6 4. cxd5 cxd5
D14,Queen's Gambit Declined: Slav Defense Exchange Variation,1. d4 d5 2. c4 c6 3. Nf3 Nf6 4. cxd5 cxd5 5. Nc3 Nc6 6. Bf4 Bf5
D15,Queen's Gambit Declined: Slav Defense,1. d4 d5 2. c4 c6 3. Nf3 Nf6 4. Nc3
D16,Queen's Gambit Declined: Slav Defense Alapin Variation,1. d4 d5 2. c4 c6 3. Nf3 Nf6 4. Nc3 dxc4 5. a4
D17,Queen's Gambit Declined: Slav Defense Czech Defense,1. d4 d5 2. c4 c6 3. Nf3 Nf6 4. Nc3 dxc4 5. a4 Bf5
D18,Queen's Gambit Declined: Slav Defense Czech Defense,1. d4 d5 2. c4 c6 3. Nf3 Nf6 4. Nc3 dxc4 5. a4 Bf5 6. e3
D19,Queen's Gambit Declined: Slav Defense Czech Defense,1. d4 d5 2. c4 c6 3. Nf3 Nf6 4. Nc3 dxc4 5. a4 Bf5 6. e3 e6 7. Bxc4 Bb4 8. O-O O-O
D20,Queen's Gambit Accepted,1. d4 d5 2. c4 dxc4
D21,Queen's Gambit Accepted,1. d4 d5 2. c4 dxc4 3. Nf3
D22,Queen's Gambit Accepted,1. d4 d5 2. c4 dxc4 3. Nf3 a6 4. e3
D23,Queen's Gambit Accepted,1. d4 d5 2. c4 dxc4 3. Nf3 Nf6
D24,Queen's Gambit Accepted,1. d4 d5 2. c4 dxc4 3. Nf3 Nf6 4. Nc3
D25,Queen's Gambit Accepted,1. d4 d5 2. c4 dxc4 3. Nf3 Nf6 4. e3
D26,Queen's Gambit Accepted,1. d4 d5 2. c4 dxc4 3. Nf3 Nf6 4. e3 e6 5. Bxc4
D27,Queen's Gambit Accepted: Classical Variation,1. d4 d5 2. c4 dxc4 3. Nf3 Nf6 4. e3 e6 5. Bxc4 c5 6. O-O a6
D28,Queen's Gambit Accepted: Classical Variation,1. d4 d5 2. c4 dxc4 3. Nf3 Nf6 4. e3 e6 5. Bxc4 c5 6. O-O a6 7. Qe2
D29,Queen's Gambit Accepted: Classical Variation,1. d4 d5 2. c4 dxc4 3. Nf3 Nf6 4. e3 e6 5. Bxc4 c5 6. O-O a6 7. Qe2 b5 8. Bb3 Bb7
D30,Queen's Gambit Declined,1. d4 d5 2. c4 e6
D31,Queen's Gambit Declined: Semi-Slav Defense,1. d4 d5 2. c4 e6 3. Nc3 c6
D32,Queen's Gambit Declined: Tarrasch Defense,1. d4 d5 2. c4 e6 3. Nc3 c5
D33,Queen's Gambit Declined: Tarrasch Defense,1. d4 d5 2. c4 e6 3. Nc3 c5 4. cxd5 exd5 5. Nf3 Nc6 6. g3
D34,Queen's Gambit Declined: Tarrasch Defense,1. d4 d5 2. c4 e6 3. Nc3 c5 4. cxd5 exd5 5. Nf3 Nc6 6. g3 Nf6 7. Bg2 Be7
D35,Queen's Gambit Declined: Exchange Variation,1. d4 d5 2. c4 e6 3. Nc3 Nf6 4. cxd5 exd5
D36,Queen's Gambit Declined: Exchange Variation,1. d4 d5 2. c4 e6 3. Nc3 Nf6 4. cxd5 exd5 5. Bg5 c6
D37,Queen's Gambit Declined: Three Knights Variation,1. d4 d5 2. c4 e6 3. Nc3 Nf6 4. Nf3
D38,Queen's Gambit Declined: Ragozin Defense,1. d4 d5 2. c4 e6 3. Nc3 Nf6 4. Nf3 Bb4
D39,Queen's Gambit Declined: Ragozin Defense,1. d4 d5 2. c4 e6 3. Nc3 Nf6 4. Nf3 Bb4 5. Bg5 dxc4
D40,Queen's Gambit Declined: Semi-Tarrasch Defense,1. d4 d5 2. c4 e6 3. Nc3 Nf6 4. Nf3 c5
D41,Queen's Gambit Declined: Semi-Tarrasch Defense,1. d4 d5 2. c4 e6 3. Nc3 Nf6 4. Nf3 c5 5. cxd5 Nxd5 6. e4 Nxc3 7. bxc3
D42,Queen's Gambit Declined: Semi-Tarrasch Defense,1. d4 d5 2. c4 e6 3. Nc3 Nf6 4. Nf3 c5 5. cxd5 Nxd5 6. e4 Nxc3 7. bxc3 cxd4 8. cxd4
D43,Queen's Gambit Declined: Semi-Slav Defense,1. d4 d5 2. c4 e6 3. Nc3 Nf6 4. Nf3 c6
D44,Queen's Gambit Declined: Semi-Slav Defense,1. d4 d5 2. c4 e6 3. Nc3 Nf6 4. Nf3 c6 5. Bg5 dxc4
D45,Queen's Gambit Declined: Semi-Slav Defense,1. d4 d5 2. c4 e6 3. Nc3 Nf6 4. Nf3 c6 5. e3
D46,Queen's Gambit Declined: Semi-Slav Defense,1. d4 d5 2. c4 e6 3. Nc3 Nf6 4. Nf3 c6 5. e3 Nbd7
D47,Queen's Gambit Declined: Semi-Slav Defense Meran Variation,1. d4 d5 2. c4 e6 3. Nc3 Nf6 4. Nf3 c6 5. e3 Nbd7 6. Bd3 dxc4 7. Bxc4
D48,Queen's Gambit Declined: Semi-Slav Defense Meran Variation,1. d4 d5 2. c4 e6 3. Nc3 Nf6 4. Nf3 c6 5. e3 Nbd7 6. Bd3 dxc4 7. Bxc4 b5 8. Bd3 a6
D49,Queen's Gambit Declined: Semi-Slav Defense Meran Variation,1. d4 d5 2. c4 e6 3. Nc3 Nf6 4. Nf3 c6 5. e3 Nbd7 6. Bd3 dxc4 7. Bxc4 b5 8. Bd3 a6 9. e4 c5 10. e5
D50,Queen's Gambit Declined: Modern Variation,1. d4 d5 2. c4 e6 3. Nc3 Nf6 4. Bg5
D51,Queen's Gambit Declined: Modern Variation,1. d4 d5 2. c4 e6 3. Nc3 Nf6 4. Bg5 Nbd7
D52,Queen's Gambit Declined,1. d4 d5 2. c4 e6 3. Nc3 Nf6 4. Bg5 Nbd7 5. e3 c6 6. Nf3
D53,Queen's Gambit Declined,1. d4 d5 2. c4 e6 3. Nc3 Nf6 4. Bg5 Be7
D54,Queen's Gambit Declined: Anti-Neo-Orthodox Variation,1. d4 d5 2. c4 e6 3. Nc3 Nf6 4. Bg5 Be7 5. e3 O-O 6. Rc1
D55,Queen's Gambit Declined: Neo-Orthodox Variation,1. d4 d5 2. c4 e6 3. Nc3 Nf6 4. Bg5 Be7 5. e3 O-O 6. Nf3
D56,Queen's Gambit Declined: Lasker Defense,1. d4 d5 2. c4 e6 3. Nc3 Nf6 4. Bg5 Be7 5. e3 O-O 6. Nf3 h6
D57,Queen's Gambit Declined: Lasker Defense,1. d4 d5 2. c4 e6 3. Nc3 Nf6 4. Bg5 Be7 5. e3 O-O 6. Nf3 h6 7. Bh4 Ne4
D58,Queen's Gambit Declined: Tartakower Variation,1. d4 d5 2. c4 e6 3. Nc3 Nf6 4. Bg5 Be7 5. e3 O-O 6. Nf3 h6 7. Bh4 b6
D59,Queen's Gambit Declined: Tartakower Variation,1. d4 d5 2. c4 e6 3. Nc3 Nf6 4. Bg5 Be7 5. e3 O-O 6. Nf3 h6 7. Bh4 b6 8. cxd5 Nxd5
D60,Queen's Gambit Declined: Orthodox Defense,1. d4 d5 2. c4 e6 3. Nc3 Nf6 4. Bg5 Be7 5. e3 O-O 6. Nf3 Nbd7
D61,Queen's Gambit Declined: Orthodox Defense,1. d4 d5 2. c4 e6 3. Nc3 Nf6 4. Bg5 Be7 5. e3 O-O 6. Nf3 Nbd7 7. Qc2
D62,Queen's Gambit Declined: Orthodox Defense,1. d4 d5 2. c4 e6 3. Nc3 Nf6 4. Bg5 Be7 5. e3 O-O 6. Nf3 Nbd7 7. Qc2 c5
D63,Queen's Gambit Declined: Orthodox Defense,1. d4 d5 2. c4 e6 3. Nc3 Nf6 4. Bg5 Be7 5. e3 O-O 6. Nf3 Nbd7 7. Rc1 c6
D64,Queen's Gambit Declined: Orthodox Defense,1. d4 d5 2. c4 e6 3. Nc3 Nf6 4. Bg5 Be7 5. e3 O-O 6. Nf3 Nbd7 7. Rc1 c6 8. Qc2
D65,Queen's Gambit Declined: Orthodox Defense,1. d4 d5 2. c4 e6 3. Nc3 Nf6 4. Bg5 Be7 5. e3 O-O 6. Nf3 Nbd7 7. Rc1 c6 8. Qc2 a6 9. cxd5
D66,Queen's Gambit Declined: Orthodox Defense,1. d4 d5 2. c4 e6 3. Nc3 Nf6 4. Bg5 Be7 5. e3 O-O 6. Nf3 Nbd7 7. Rc1 c6 8. Bd3
D67,Queen's Gambit Declined: Orthodox Defense,1. d4 d5 2. c4 e6 3. Nc3 Nf6 4. Bg5 Be7 5. e3 O-O 6. Nf3 Nbd7 7. Rc1 c6 8. Bd3 dxc4 9. Bxc4
D68,Queen's Gambit Declined: Orthodox Defense,1. d4 d5 2. c4 e6 3. Nc3 Nf6 4. Bg5 Be7 5. e3 O-O 6. Nf3 Nbd7 7. Rc1 c6 8. Bd3 dxc4 9. Bxc4 Nd5
D69,Queen's Gambit Declined: Orthodox Defense,1. d4 d5 2. c4 e6 3. Nc3 Nf6 4. Bg5 Be7 5. e3 O-O 6. Nf3 Nbd7 7. Rc1 c6 8. Bd3 dxc4 9. Bxc4 Nd5 10. Bxe7 Qxe7 11. O-O Nxc3 12. Rxc3
D70,Neo-Grünfeld Defense,1. d4 Nf6 2. c4 g6 3. f3 d5
D71,Neo-Grünfeld Defense,1. d4 Nf6 2. c4 g6 3. g3 d5
D72,Neo-Grünfeld Defense,1. d4 Nf6 2. c4 g6 3. g3 d5 4. Bg2 Bg7 5. cxd5 Nxd5
D73,Neo-Grünfeld Defense,1. d4 Nf6 2. c4 g6 3. g3 d5 4. Bg2 Bg7 5. Nf3
D74,Neo-Grünfeld Defense,1. d4 Nf6 2. c4 g6 3. g3 d5 4. Bg2 Bg7 5. Nf3 O-O 6. cxd5 Nxd5 7. O-O
D75,Neo-Grünfeld Defense,1. d4 Nf6 2. c4 g6 3. g3 d5 4. Bg2 Bg7 5. Nf3 O-O 6. cxd5 Nxd5 7. O-O c5 8. dxc5
D76,Neo-Grünfeld Defense,1. d4 Nf6 2. c4 g6 3. g3 d5 4. Bg2 Bg7 5. Nf3 O-O 6. cxd5 Nxd5 7. O-O Nb6
D77,Neo-Grünfeld Defense,1. d4 Nf6 2. c4 g6 3. g3 d5 4. Bg2 Bg7 5. Nf3 O-O 6. O-O dxc4 7. Na3
D78,Neo-Grünfeld Defense,1. d4 Nf6 2. c4 g6 3. g3 d5 4. Bg2 Bg7 5. Nf3 O-O 6. O-O c6
D79,Neo-Grünfeld Defense,1. d4 Nf6 2. c4 g6 3. g3 d5 4. Bg2 Bg7 5. Nf3 O-O 6. O-O c6 7. cxd5 cxd5
D80,Grünfeld Defense,1. d4 Nf6 2. c4 g6 3. Nc3 d5
D81,Grünfeld Defense: Russian Variation,1. d4 Nf6 2. c4 g6 3. Nc3 d5 4. Qb3
D82,Grünfeld Defense,1. d4 Nf6 2. c4 g6 3. Nc3 d5 4. Bf4
D83,Grünfeld Defense: Modern Exchange Variation,1. d4 Nf6 2. c4 g6 3. Nc3 d5 4. Bf4 Bg7 5. e3 O-O
D84,Grünfeld Defense: Classical Exchange Variation,1. d4 Nf6 2. c4 g6 3. Nc3 d5 4. Bf4 Bg7 5. e3 O-O 6. cxd5
D85,Grünfeld Defense: Exchange Variation,1. d4 Nf6 2. c4 g6 3. Nc3 d5 4. cxd5 Nxd5
D86,Grünfeld Defense: Exchange Variation,1. d4 Nf6 2. c4 g6 3. Nc3 d5 4. cxd5 Nxd5 5. e4 Nxc3 6. bxc3 Bg7 7. Bc4
D87,Grünfeld Defense: Exchange Variation,1. d4 Nf6 2. c4 g6 3. Nc3 d5 4. cxd5 Nxd5 5. e4 Nxc3 6. bxc3 Bg7 7. Bc4 c5 8. Ne2 Nc6
D88,Grünfeld Defense: Exchange Variation,1. d4 Nf6 2. c4 g6 3. Nc3 d5 4. cxd5 Nxd5 5. e4 Nxc3 6. bxc3 Bg7 7. Bc4 c5 8. Ne2 Nc6 9. Be3 O-O 10. O-O
D89,Grünfeld Defense: Exchange Variation,1. d4 Nf6 2. c4 g6 3. Nc3 d5 4. cxd5 Nxd5 5. e4 Nxc3 6. bxc3 Bg7 7. Bc4 c5 8. Ne2 Nc6 9. Be3 O-O 10. O-O Bg4 11. f3 Na5 12. Bd3 cxd4 13. cxd4
D90,Grünfeld Defense: Three Knights Variation,1. d4 Nf6 2. c4 g6 3. Nc3 d5 4. Nf3
D91,Grünfeld Defense: Three Knights Variation,1. d4 Nf6 2. c4 g6 3. Nc3 d5 4. Nf3 Bg7 5. Bg5
D92,Grünfeld Defense: Three Knights Variation,1. d4 Nf6 2. c4 g6 3. Nc3 d5 4. Nf3 Bg7 5. Bf4
D93,Grünfeld Defense: Three Knights Variation,1. d4 Nf6 2. c4 g6 3. Nc3 d5 4. Nf3 Bg7 5. Bf4 O-O 6. e3
D94,Grünfeld Defense: Three Knights Variation,1. d4 Nf6 2. c4 g6 3. Nc3 d5 4. Nf3 Bg7 5. e3
D95,Grünfeld Defense: Three Knights Variation,1. d4 Nf6 2. c4 g6 3. Nc3 d5 4. Nf3 Bg7 5. e3 O-O 6. Qb3
D96,Grünfeld Defense: Russian Variation,1. d4 Nf6 2. c4 g6 3. Nc3 d5 4. Nf3 Bg7 5. Qb3
D97,Grünfeld Defense: Russian Variation,1. d4 Nf6 2. c4 g6 3. Nc3 d5 4. Nf3 Bg7 5. Qb3 dxc4 6. Qxc4 O-O 7. e4
D98,Grünfeld Defense: Russian Variation,1. d4 Nf6 2. c4 g6 3. Nc3 d5 4. Nf3 Bg7 5. Qb3 dxc4 6. Qxc4 O-O 7. e4 Bg4
D99,Grünfeld Defense: Russian Variation,1. d4 Nf6 2. c4 g6 3. Nc3 d5 4. Nf3 Bg7 5. Qb3 dxc4 6. Qxc4 O-O 7. e4 Bg4 8. Be3 Nfd7 9. Qb3
E00,Queen's Pawn Game,1. d4 Nf6 2. c4 e6
E01,Catalan Opening,1. d4 Nf6 2. c4 e6 3. g3 d5 4. Bg2
E02,Catalan Opening: Open Defense,1. d4 Nf6 2. c4 e6 3. g3 d5 4. Bg2 dxc4
E03,Catalan Opening: Open Defense,1. d4 Nf6 2. c4 e6 3. g3 d5 4. Bg2 dxc4 5. Qa4+
E04,Catalan Opening: Open Defense,1. d4 Nf6 2. c4 e6 3. g3 d5 4. Bg2 dxc4 5. Nf3
E05,Catalan Opening: Open Defense Classical Line,1. d4 Nf6 2. c4 e6 3. g3 d5 4. Bg2 dxc4 5. Nf3 Be7
E06,Catalan Opening: Closed Variation,1. d4 Nf6 2. c4 e6 3. g3 d5 4. Bg2 Be7
E07,Catalan Opening: Closed Variation,1. d4 Nf6 2. c4 e6 3. g3 d5 4. Bg2 Be7 5. Nf3 O-O 6. O-O Nbd7
E08,Catalan Opening: Closed Variation,1. d4 Nf6 2. c4 e6 3. g3 d5 4. Bg2 Be7 5. Nf3 O-O 6. O-O Nbd7 7. Qc2
E09,Catalan Opening: Closed Variation,1. d4 Nf6 2. c4 e6 3. g3 d5 4. Bg2 Be7 5. Nf3 O-O 6. O-O Nbd7 7. Qc2 c6 8. Nbd2
E10,Queen's Pawn Game,1. d4 Nf6 2. c4 e6 3. Nf3
E11,Bogo-Indian Defense,1. d4 Nf6 2. c4 e6 3. Nf3 Bb4+
E12,Queen's Indian Defense,1. d4 Nf6 2. c4 e6 3. Nf3 b6
E13,Queen's Indian Defense,1. d4 Nf6 2. c4 e6 3. Nf3 b6 4. Nc3 Bb7
E14,Queen's Indian Defense: Fianchetto Variation,1. d4 Nf6 2. c4 e6 3. Nf3 b6 4. e3
E15,Queen's Indian Defense: Fianchetto Variation,1. d4 Nf6 2. c4 e6 3. Nf3 b6 4. g3
E16,Queen's Indian Defense: Fianchetto Variation,1. d4 Nf6 2. c4 e6 3. Nf3 b6 4. g3 Bb7
E17,Queen's Indian Defense: Fianchetto Variation,1. d4 Nf6 2. c4 e6 3. Nf3 b6 4. g3 Bb7 5. Bg2 Be7
E18,Queen's Indian Defense: Classical Variation,1. d4 Nf6 2. c4 e6 3. Nf3 b6 4. g3 Bb7 5. Bg2 Be7 6. O-O O-O 7. Nc3
E19,Queen's Indian Defense: Classical Variation,1. d4 Nf6 2. c4 e6 3. Nf3 b6 4. g3 Bb7 5. Bg2 Be7 6. O-O O-O 7. Nc3 Ne4 8. Qc2 Nxc3 9. Qxc3
E20,Nimzo-Indian Defense,1. d4 Nf6 2. c4 e6 3. Nc3 Bb4
E21,Nimzo-Indian Defense: Three Knights Variation,1. d4 Nf6 2. c4 e6 3. Nc3 Bb4 4. Nf3
E22,Nimzo-Indian Defense: Spielmann Variation,1. d4 Nf6 2. c4 e6 3. Nc3 Bb4 4. Qb3
E23,Nimzo-Indian Defense: Spielmann Variation,1. d4 Nf6 2. c4 e6 3. Nc3 Bb4 4. Qb3 c5 5. dxc5 Nc6
E24,Nimzo-Indian Defense: Sämisch Variation,1. d4 Nf6 2. c4 e6 3. Nc3 Bb4 4. a3 Bxc3+ 5. bxc3
E25,Nimzo-Indian Defense: Sämisch Variation,1. d4 Nf6 2. c4 e6 3. Nc3 Bb4 4. a3 Bxc3+ 5. bxc3 c5 6. f3 d5 7. cxd5
E26,Nimzo-Indian Defense: Sämisch Variation,1. d4 Nf6 2. c4 e6 3. Nc3 Bb4 4. a3 Bxc3+ 5. bxc3 c5 6. e3
E27,Nimzo-Indian Defense: Sämisch Variation,1. d4 Nf6 2. c4 e6 3. Nc3 Bb4 4. a3 Bxc3+ 5. bxc3 O-O
E28,Nimzo-Indian Defense: Sämisch Variation,1. d4 Nf6 2. c4 e6 3. Nc3 Bb4 4. a3 Bxc3+ 5. bxc3 O-O 6. e3 c5 7. Bd3 Nc6
E29,Nimzo-Indian Defense: Sämisch Variation,1. d4 Nf6 2. c4 e6 3. Nc3 Bb4 4. a3 Bxc3+ 5. bxc3 O-O 6. e3 c5 7. Bd3 Nc6 8. Ne2 b6 9. e4 Ne8
E30,Nimzo-Indian Defense: Leningrad Variation,1. d4 Nf6 2. c4 e6 3. Nc3 Bb4 4. Bg5
E31,Nimzo-Indian Defense: Leningrad Variation,1. d4 Nf6 2. c4 e6 3. Nc3 Bb4 4. Bg5 h6 5. Bh4 c5 6. d5 d6
E32,Nimzo-Indian Defense: Classical Variation,1. d4 Nf6 2. c4 e6 3. Nc3 Bb4 4. Qc2
E33,Nimzo-Indian Defense: Classical Variation,1. d4 Nf6 2. c4 e6 3. Nc3 Bb4 4. Qc2 Nc6
E34,Nimzo-Indian Defense: Classical Variation,1. d4 Nf6 2. c4 e6 3. Nc3 Bb4 4. Qc2 d5
E35,Nimzo-Indian Defense: Classical Variation,1. d4 Nf6 2. c4 e6 3. Nc3 Bb4 4. Qc2 d5 5. cxd5 exd5
E36,Nimzo-Indian Defense: Classical Variation,1. d4 Nf6 2. c4 e6 3. Nc3 Bb4 4. Qc2 d5 5. a3
E37,Nimzo-Indian Defense: Classical Variation,1. d4 Nf6 2. c4 e6 3. Nc3 Bb4 4. Qc2 d5 5. a3 Bxc3+ 6. Qxc3 Ne4
E38,Nimzo-Indian Defense: Classical Variation,1. d4 Nf6 2. c4 e6 3. Nc3 Bb4 4. Qc2 c5
E39,Nimzo-Indian Defense: Classical Variation,1. d4 Nf6 2. c4 e6 3. Nc3 Bb4 4. Qc2 c5 5. dxc5 O-O
E40,Nimzo-Indian Defense: Normal Line,1. d4 Nf6 2. c4 e6 3. Nc3 Bb4 4. e3
E41,Nimzo-Indian Defense: Hübner Variation,1. d4 Nf6 2. c4 e6 3. Nc3 Bb4 4. e3 c5
E42,Nimzo-Indian Defense: Hübner Variation,1. d4 Nf6 2. c4 e6 3. Nc3 Bb4 4. e3 c5 5. Ne2
E43,Nimzo-Indian Defense: St. Petersburg Variation,1. d4 Nf6 2. c4 e6 3. Nc3 Bb4 4. e3 b6
E44,Nimzo-Indian Defense: Fischer Variation,1. d4 Nf6 2. c4 e6 3. Nc3 Bb4 4. e3 b6 5. Ne2
E45,Nimzo-Indian Defense: Normal Line,1. d4 Nf6 2. c4 e6 3. Nc3 Bb4 4. e3 b6 5. Ne2 Ba6
E46,Nimzo-Indian Defense: Simagin Variation,1. d4 Nf6 2. c4 e6 3. Nc3 Bb4 4. e3 O-O
E47,Nimzo-Indian Defense: Normal Line,1. d4 Nf6 2. c4 e6 3. Nc3 Bb4 4. e3 O-O 5. Bd3
E48,Nimzo-Indian Defense: Normal Line,1. d4 Nf6 2. c4 e6 3. Nc3 Bb4 4. e3 O-O 5. Bd3 d5
E49,Nimzo-Indian Defense: Normal Line,1. d4 Nf6 2. c4 e6 3. Nc3 Bb4 4. e3 O-O 5. Bd3 d5 6. a3 Bxc3+ 7. bxc3
E50,Nimzo-Indian Defense: Normal Line,1. d4 Nf6 2. c4 e6 3. Nc3 Bb4 4. e3 O-O 5. Nf3
E51,Nimzo-Indian Defense: Normal Line,1. d4 Nf6 2. c4 e6 3. Nc3 Bb4 4. e3 O-O 5. Nf3 d5
E52,Nimzo-Indian Defense: Normal Line,1. d4 Nf6 2. c4 e6 3. Nc3 Bb4 4. e3 O-O 5. Nf3 d5 6. Bd3 b6
E53,Nimzo-Indian Defense: Normal Line,1. d4 Nf6 2. c4 e6 3. Nc3 Bb4 4. e3 O-O 5. Nf3 d5 6. Bd3 c5
E54,Nimzo-Indian Defense: Normal Line,1. d4 Nf6 2. c4 e6 3. Nc3 Bb4 4. e3 O-O 5. Nf3 d5 6. Bd3 c5 7. O-O dxc4 8. Bxc4
E55,Nimzo-Indian Defense: Normal Line,1. d4 Nf6 2. c4 e6 3. Nc3 Bb4 4. e3 O-O 5. Nf3 d5 6. Bd3 c5 7. O-O dxc4 8. Bxc4 Nbd7
E56,Nimzo-Indian Defense: Normal Line,1. d4 Nf6 2. c4 e6 3. Nc3 Bb4 4. e3 O-O 5. Nf3 d5 6. Bd3 c5 7. O-O Nc6
E57,Nimzo-Indian Defense: Normal Line,1. d4 Nf6 2. c4 e6 3. Nc3 Bb4 4. e3 O-O 5. Nf3 d5 6. Bd3 c5 7. O-O Nc6 8. a3 Bxc3 9. bxc3
E58,Nimzo-Indian Defense: Normal Line,1. d4 Nf6 2. c4 e6 3. Nc3 Bb4 4. e3 O-O 5. Nf3 d5 6. Bd3 c5 7. O-O Nc6 8. a3 Bxc3 9. bxc3 dxc4 10. Bxc4
E59,Nimzo-Indian Defense: Normal Line,1. d4 Nf6 2. c4 e6 3. Nc3 Bb4 4. e3 O-O 5. Nf3 d5 6. Bd3 c5 7. O-O Nc6 8. a3 Bxc3 9. bxc3 dxc4 10. Bxc4 Qc7
E60,King's Indian Defense,1. d4 Nf6 2. c4 g6
E61,King's Indian Defense,1. d4 Nf6 2. c4 g6 3. Nc3
E62,King's Indian Defense: Fianchetto Variation,1. d4 Nf6 2. c4 g6 3. Nc3 Bg7 4. Nf3 d6 5. g3
E63,King's Indian Defense: Fianchetto Variation,1. d4 Nf6 2. c4 g6 3. Nc3 Bg7 4. Nf3 d6 5. g3 O-O 6. Bg2 Nc6
E64,King's Indian Defense: Fianchetto Variation,1. d4 Nf6 2. c4 g6 3. Nc3 Bg7 4. Nf3 d6 5. g3 O-O 6. Bg2 c5
E65,King's Indian Defense: Fianchetto Variation,1. d4 Nf6 2. c4 g6 3. Nc3 Bg7 4. Nf3 d6 5. g3 O-O 6. Bg2 c5 7. O-O Nc6 8. d5
E66,King's Indian Defense: Fianchetto Variation,1. d4 Nf6 2. c4 g6 3. Nc3 Bg7 4. Nf3 d6 5. g3 O-O 6. Bg2 c5 7. O-O Nc6 8. d5 Na5
E67,King's Indian Defense: Fianchetto Variation,1. d4 Nf6 2. c4 g6 3. Nc3 Bg7 4. Nf3 d6 5. g3 O-O 6. Bg2 Nbd7
E68,King's Indian Defense: Fianchetto Variation,1. d4 Nf6 2. c4 g6 3. Nc3 Bg7 4. Nf3 d6 5. g3 O-O 6. Bg2 Nbd7 7. O-O e5 8. e4
E69,King's Indian Defense: Fianchetto Variation,1. d4 Nf6 2. c4 g6 3. Nc3 Bg7 4. Nf3 d6 5. g3 O-O 6. Bg2 Nbd7 7. O-O e5 8. e4 c6 9. h3
E70,King's Indian Defense: Normal Variation,1. d4 Nf6 2. c4 g6 3. Nc3 Bg7 4. e4 d6
E71,King's Indian Defense: Makogonov Variation,1. d4 Nf6 2. c4 g6 3. Nc3 Bg7 4. e4 d6 5. h3
E72,King's Indian Defense: Normal Variation,1. d4 Nf6 2. c4 g6 3. Nc3 Bg7 4. e4 d6 5. g3
E73,King's Indian Defense: Averbakh Variation,1. d4 Nf6 2. c4 g6 3. Nc3 Bg7 4. e4 d6 5. Be2 O-O 6. Bg5
E74,King's Indian Defense: Averbakh Variation,1. d4 Nf6 2. c4 g6 3. Nc3 Bg7 4. e4 d6 5. Be2 O-O 6. Bg5 c5
E75,King's Indian Defense: Averbakh Variation,1. d4 Nf6 2. c4 g6 3. Nc3 Bg7 4. e4 d6 5. Be2 O-O 6. Bg5 c5 7. d5 e6
E76,King's Indian Defense: Four Pawns Attack,1. d4 Nf6 2. c4 g6 3. Nc3 Bg7 4. e4 d6 5. f4
E77,King's Indian Defense: Four Pawns Attack,1. d4 Nf6 2. c4 g6 3. Nc3 Bg7 4. e4 d6 5. f4 O-O 6. Be2
E78,King's Indian Defense: Four Pawns Attack,1. d4 Nf6 2. c4 g6 3. Nc3 Bg7 4. e4 d6 5. f4 O-O 6. Be2 c5 7. Nf3
E79,King's Indian Defense: Four Pawns Attack,1. d4 Nf6 2. c4 g6 3. Nc3 Bg7 4. e4 d6 5. f4 O-O 6. Be2 c5 7. Nf3 cxd4 8. Nxd4
E80,King's Indian Defense: Sämisch Variation,1. d4 Nf6 2. c4 g6 3. Nc3 Bg7 4. e4 d6 5. f3
E81,King's Indian Defense: Sämisch Variation,1. d4 Nf6 2. c4 g6 3. Nc3 Bg7 4. e4 d6 5. f3 O-O
E82,King's Indian Defense: Sämisch Variation,1. d4 Nf6 2. c4 g6 3. Nc3 Bg7 4. e4 d6 5. f3 O-O 6. Be3
E83,King's Indian Defense: Sämisch Variation,1. d4 Nf6 2. c4 g6 3. Nc3 Bg7 4. e4 d6 5. f3 O-O 6. Be3 Nc6 7. Nge2 a6
E84,King's Indian Defense: Sämisch Variation,1. d4 Nf6 2. c4 g6 3. Nc3 Bg7 4. e4 d6 5. f3 O-O 6. Be3 c5
E85,King's Indian Defense: Sämisch Variation,1. d4 Nf6 2. c4 g6 3. Nc3 Bg7 4. e4 d6 5. f3 O-O 6. Be3 e5
E86,King's Indian Defense: Sämisch Variation,1. d4 Nf6 2. c4 g6 3. Nc3 Bg7 4. e4 d6 5. f3 O-O 6. Be3 e5 7. Nge2 c6
E87,King's Indian Defense: Sämisch Variation,1. d4 Nf6 2. c4 g6 3. Nc3 Bg7 4. e4 d6 5. f3 O-O 6. Be3 e5 7. d5
E88,King's Indian Defense: Sämisch Variation,1. d4 Nf6 2. c4 g6 3. Nc3 Bg7 4. e4 d6 5. f3 O-O 6. Be3 e5 7. d5 c6
E89,King's Indian Defense: Sämisch Variation,1. d4 Nf6 2. c4 g6 3. Nc3 Bg7 4. e4 d6 5. f3 O-O 6. Be3 e5 7. d5 c6 8. Nge2 cxd5
E90,King's Indian Defense: Classical Variation,1. d4 Nf6 2. c4 g6 3. Nc3 Bg7 4. e4 d6 5. Nf3 O-O
E91,King's Indian Defense: Classical Variation,1. d4 Nf6 2. c4 g6 3. Nc3 Bg7 4. e4 d6 5. Nf3 O-O 6. Be2
E92,King's Indian Defense: Classical Variation,1. d4 Nf6 2. c4 g6 3. Nc3 Bg7 4. e4 d6 5. Nf3 O-O 6. Be2 e5
E93,King's Indian Defense: Petrosian Variation,1. d4 Nf6 2. c4 g6 3. Nc3 Bg7 4. e4 d6 5. Nf3 O-O 6. Be2 e5 7. d5
E94,King's Indian Defense: Orthodox Variation,1. d4 Nf6 2. c4 g6 3. Nc3 Bg7 4. e4 d6 5. Nf3 O-O 6. Be2 e5 7. O-O
E95,King's Indian Defense: Orthodox Variation,1. d4 Nf6 2. c4 g6 3. Nc3 Bg7 4. e4 d6 5. Nf3 O-O 6. Be2 e5 7. O-O Nbd7
E96,King's Indian Defense: Orthodox Variation,1. d4 Nf6 2. c4 g6 3. Nc3 Bg7 4. e4 d6 5. Nf3 O-O 6. Be2 e5 7. O-O Nbd7 8. Re1
E97,King's Indian Defense: Orthodox Variation,1. d4 Nf6 2. c4 g6 3. Nc3 Bg7 4. e4 d6 5. Nf3 O-O 6. Be2 e5 7. O-O Nc6
E98,King's Indian Defense: Orthodox Variation,1. d4 Nf6 2. c4 g6 3. Nc3 Bg7 4. e4 d6 5. Nf3 O-O 6. Be2 e5 7. O-O Nc6 8. d5 Ne7 9. Ne1
E99,King's Indian Defense: Orthodox Variation,1. d4 Nf6 2. c4 g6 3. Nc3 Bg7 4. e4 d6 5. Nf3 O-O 6. Be2 e5 7. O-O Nc6 8. d5 Ne7 9. Ne1 Nd7 10. f3 f5
